[{
    "eid":101,
    "name":"shreya",
    "address":[{
        "street":"Gandhinagar",
        "city":"pimpri",
        "state":"maharasthra"

    },
    {  
        "street":"indavra",
        "city":"Thirthahalli",
        "state":"Karnataka"

    }

    ],
    "desig":"Developer",
    "salary":25000
},
{
    "eid":101,
    "name":"shreya",
    "address":[{
        "street":"Gandhinagar",
        "city":"pimpri",
        "state":"maharasthra"

    },
    {  
        "street":"indavra",
        "city":"Thirthahalli",
        "state":"Karnataka"

    }

    ],
    "desig":"Developer",
    "salary":25000
}]